look_back,8.0
hidden_nodes,5.0
output_nodes,1.0
epochs,300.0
batch_size,20.0
future_steps,10.0
MSE,58086.881
MAE,173.055
RMSE,241.012
1,518.5768137619496
2,613.70198475039
3,553.3321124411225
4,651.7727835390567
5,659.3676847458482
6,594.9219383222461
7,636.4062042931319
8,603.6021091041565
9,597.465928265214
10,634.6289351884127
